split,image,ground_truth_box,ground_truth_text,primary,detected_box,crop_box,iou,raw_text,cleaned_text,format_valid,correct,status,character_errors
development,data/images/car_1.png,"[454, 696, 583, 741]",90BG028,True,"[452.1114501953125, 697.3184204101562, 581.2813110351562, 741.4205932617188]","[441, 693, 592, 745]",0.9357143244568077,90BG028,90BG028,True,True,correct,0
development,data/images/car_2.png,"[425, 780, 571, 828]",01MH001,True,"[424.3218078613281, 778.2772827148438, 571.9508056640625, 829.3483276367188]","[412, 774, 584, 834]",0.9294963270482163,01MHOO1,01MH001,True,True,correct,0
test,data/images/car_3.png,"[300, 569, 495, 619]",90OT012,True,"[293.6718444824219, 569.3013305664062, 494.6444091796875, 622.7830810546875]","[277, 565, 511, 628]",0.8936489686679044,900T012,90OT012,True,True,correct,0
development,data/images/car_4.png,"[438, 717, 546, 768]",10EF333,True,"[438.6604309082031, 715.248779296875, 543.5243530273438, 767.7542724609375]","[430, 711, 552, 772]",0.9351069629821818,1OEF333,10EF333,True,True,correct,0
development,data/images/car_5.png,"[237, 860, 433, 907]",10NM011,True,"[235.01051330566406, 859.0557250976562, 431.4390869140625, 918.0431518554688]","[219, 854, 448, 923]",0.7837475800381887,AZ 10NM011,10NM011,True,True,correct,0
development,data/images/car_5.png,"[54, 554, 111, 571]",20DE200,False,"[49.06621551513672, 552.9518432617188, 112.18346405029297, 572.9151611328125]","[44, 551, 118, 575]",0.7690294945750472,G,G,False,False,ocr_error,7
development,data/images/car_6.png,"[293, 736, 466, 781]",10OO808,True,"[290.72711181640625, 733.993896484375, 469.2311706542969, 787.29052734375]","[276, 729, 484, 792]",0.8182966350654416,1000808,10OO808,True,True,correct,0
development,data/images/car_7.png,"[261, 765, 393, 804]",10HF739,True,"[260.3076171875, 764.8704223632812, 392.0124816894531, 805.1300659179688]","[249, 761, 403, 809]",0.9566707578759879,210HF739,10HF739,True,True,correct,0
development,data/images/car_8.png,"[438, 831, 560, 874]",20CA002,True,"[429.4904479980469, 826.6522827148438, 565.1314086914062, 876.2478637695312]","[418, 822, 576, 881]",0.7798201384667408,20CA002,20CA002,True,True,correct,0
test,data/images/car_9.png,"[208, 749, 342, 781]",20CT700,True,"[207.45877075195312, 747.1336059570312, 342.7386779785156, 783.317138671875]","[196, 744, 354, 787]",0.8760129246344281,4 20CT700,20CT700,True,True,correct,0
development,data/images/car_10.png,"[176, 516, 357, 561]",33AA333,True,"[171.7540740966797, 518.3986206054688, 357.49761962890625, 566.041015625]","[156, 514, 373, 570]",0.830604624408396,733AA333,33AA333,True,True,correct,0
development,data/images/car_11.png,"[272, 526, 439, 565]",44ZZ444,True,"[265.67095947265625, 524.0594482421875, 440.8323059082031, 565.1854858398438]","[251, 520, 455, 569]",0.9041197058759765,LLZZLLL,44ZZ444,True,True,correct,0
test,data/images/car_12.png,"[138, 640, 242, 685]",55CE155,True,"[135.8676300048828, 640.0293579101562, 242.28549194335938, 687.682373046875]","[127, 636, 251, 692]",0.9217138486738332,55CE155,55CE155,True,True,correct,0
test,data/images/car_12.png,,,False,"[48.985443115234375, 550.4126586914062, 283.85162353515625, 645.1755981445312]","[30, 542, 303, 653]",0,,,False,False,false_positive,
development,data/images/car_13.png,"[155, 652, 287, 691]",60CA006,True,"[154.74188232421875, 649.6453857421875, 286.4315490722656, 694.9692993164062]","[144, 646, 297, 699]",0.8556083515053755,60CA006,60CA006,True,True,correct,0
development,data/images/car_14.png,"[265, 781, 452, 823]",63LL063,True,"[260.3970642089844, 769.70849609375, 452.27978515625, 827.07421875]","[245, 765, 468, 832]",0.7135140999862933,AZI 63LL063,63LL063,True,True,correct,0
test,data/images/car_15.png,"[401, 547, 549, 594]",77AJ460,True,"[396.5543518066406, 544.9638671875, 554.5186157226562, 597.7742919921875]","[383, 540, 568, 602]",0.8338368119195271,AZ 77AJZ60,77AJ260,True,False,ocr_error,1
development,data/images/car_16.png,"[463, 717, 566, 758]",90DC004,True,"[460.9690856933594, 711.8455810546875, 566.6991577148438, 759.6112670898438]","[452, 708, 576, 764]",0.8361930116808424,2 90DC004,90DC004,True,True,correct,0
test,data/images/car_17.png,"[394, 675, 556, 721]",90PU029,True,"[388.66290283203125, 673.1787109375, 559.64599609375, 726.7388305664062]","[374, 668, 574, 732]",0.8137258979044355,AZ 90PU029,90PU029,True,True,correct,0
test,data/images/car_18.png,"[469, 850, 596, 896]",90UN023,True,"[468.32470703125, 847.712890625, 597.7008056640625, 897.0007934570312]","[457, 843, 609, 901]",0.9161512158184181,90UN0231,90UN023,True,True,correct,0
development,data/images/car_19.png,"[184, 697, 334, 749]",99VA109,True,"[180.6520538330078, 693.3956909179688, 341.0773620605469, 752.910400390625]","[167, 688, 354, 758]",0.8169536217136752,299VA109,99VA109,True,True,correct,0
development,data/images/car_20.png,"[411, 674, 574, 750]",90YG203,True,"[400.62188720703125, 663.4590454101562, 583.8056030273438, 753.3162231445312]","[385, 656, 599, 761]",0.7525953980790682,90YG203,90YG203,True,True,correct,0
development,data/images/car_21.png,"[287, 781, 449, 815]",90YM464,True,"[287.86334228515625, 777.5589599609375, 447.6673583984375, 819.7026977539062]","[275, 774, 461, 824]",0.7979168425466827,90YM4641,90YM464,True,True,correct,0
development,data/images/car_21.png,"[52, 617, 83, 626]",(unreadable/partial),False,,,0,,,False,,miss,0
test,data/images/car_22.png,"[211, 576, 344, 609]",90ZC025,True,"[210.59165954589844, 573.1590576171875, 344.83447265625, 615.102294921875]","[199, 569, 356, 619]",0.7794936630005159,90ZC025,90ZC025,True,True,correct,0
development,data/images/car_23.png,"[532, 563, 641, 615]",99FT099,True,"[528.359619140625, 561.1768188476562, 641.3342895507812, 617.04638671875]","[519, 556, 651, 622]",0.8979940235324629,99FTO99,99FT099,True,True,correct,0
development,data/images/car_23.png,"[159, 142, 198, 153]",(unreadable/partial),False,"[156.44094848632812, 138.7637481689453, 196.2570037841797, 154.1340789794922]","[153, 137, 200, 156]",0.6493246656403351,IDJ,IDJ,False,,detection_only,0
development,data/images/car_23.png,"[488, 220, 525, 235]",(unreadable/partial),False,,,0,,,False,,miss,0
development,data/images/car_24.png,"[122, 509, 249, 544]",99EA059,True,"[119.52193450927734, 506.89324951171875, 251.7798309326172, 552.2870483398438]","[108, 503, 263, 556]",0.7403782051220318,99EA059,99EA059,True,True,correct,0
test,data/images/car_25.png,"[371, 799, 562, 852]",99FR770,True,"[365.9037780761719, 798.3157958984375, 564.7160034179688, 855.0660400390625]","[349, 793, 581, 860]",0.897218905576221,99FR770,99FR770,True,True,correct,0
test,data/images/car_25.png,"[0, 442, 33, 462]",(unreadable/partial),False,"[0.47155454754829407, 443.20159912109375, 32.731971740722656, 458.68414306640625]","[0, 441, 36, 460]",0.7567777680112682,Z65,Z65,False,,detection_only,0
test,data/images/car_25.png,"[669, 559, 736, 583]",(unreadable/partial),False,"[666.3882446289062, 557.721923828125, 736.0, 581.76220703125]","[660, 555, 736, 584]",0.8682827704211008,99G03,99G03,False,,detection_only,0
development,data/images/car_26.png,"[152, 744, 319, 789]",99PD102,True,"[150.32452392578125, 740.8822021484375, 320.8651123046875, 791.5300903320312]","[136, 736, 335, 796]",0.870041335200526,A2 99PD1021,99PD102,True,True,correct,0
test,data/images/car_27.png,"[130, 768, 233, 810]",99RT100,True,"[128.243408203125, 768.778076171875, 235.4259490966797, 811.7092895507812]","[119, 765, 245, 816]",0.9069210282222611,99RT100,99RT100,True,True,correct,0
test,data/images/car_27.png,"[673, 750, 722, 770]",(unreadable/partial),False,,,0,,,False,,miss,0
development,data/images/car_28.png,"[252, 401, 494, 454]",99ZZ099,True,"[282.3265686035156, 396.5027160644531, 495.7558898925781, 462.75238037109375]","[265, 391, 513, 469]",0.712436808885171,4Z 99ZZ099,99ZZ099,True,True,correct,0
development,data/images/car_29.png,"[154, 643, 296, 678]",99TB405,True,"[140.20069885253906, 634.990234375, 299.37109375, 684.0537109375]","[127, 631, 313, 688]",0.6364082143148305,4 99TB405,99TB405,True,True,correct,0
development,data/images/car_30.png,"[263, 696, 366, 723]",99TB405,True,"[250.8897705078125, 695.0537109375, 365.9734191894531, 721.951171875]","[241, 692, 376, 725]",0.8339991399967546,99TB4051,99TB405,True,True,correct,0
test,data/images/car_31.png,"[308, 734, 480, 770]",42CL107,True,"[304.4990234375, 729.748779296875, 482.8788757324219, 773.0551147460938]","[290, 726, 498, 777]",0.8015557097692017,ES 42CL107,42CL107,True,True,correct,0
test,data/images/car_31.png,"[674, 665, 735, 685]",(unreadable/partial),False,"[673.413818359375, 665.8301391601562, 735.0, 686.5637817382812]","[668, 664, 735, 689]",0.8808455224547326,,,False,,detection_only,0
development,data/images/car_32.png,"[478, 694, 622, 746]",77KV767,True,"[473.02362060546875, 693.284912109375, 621.2665405273438, 747.5347290039062]","[461, 688, 634, 752]",0.9219791669886797,77KV767,77KV767,True,True,correct,0
development,data/images/car_33.png,"[274, 677, 439, 717]",10TO012,True,"[273.8863830566406, 675.1182250976562, 440.28411865234375, 720.5257568359375]","[260, 671, 454, 725]",0.87351150295274,10T0012,10TO012,True,True,correct,0
development,data/images/car_34.png,"[82, 460, 190, 508]",77XU117,True,"[82.33808135986328, 459.6383056640625, 189.64674377441406, 509.28521728515625]","[73, 455, 199, 514]",0.9608426146876522,77XU117,77XU117,True,True,correct,0
test,data/images/car_35.png,"[272, 690, 488, 742]",99FV543,True,"[264.1981506347656, 685.2079467773438, 488.40155029296875, 743.6591796875]","[246, 680, 507, 749]",0.8570797317116698,99FV543,99FV543,True,True,correct,0
test,data/images/car_35.png,"[37, 383, 71, 398]",(unreadable/partial),False,,,0,,,False,,miss,0
test,data/images/car_36.png,"[306, 697, 468, 733]",77ES425,True,"[305.5025939941406, 692.5802612304688, 471.0049133300781, 737.0220336914062]","[292, 689, 485, 741]",0.7929066486714553,42 77ESZ25,77ES225,True,False,ocr_error,1
test,data/images/car_37.png,"[247, 745, 492, 801]",11LX111,True,"[235.75340270996094, 742.8317260742188, 490.4216003417969, 804.5286254882812]","[215, 737, 511, 810]",0.8627257816014958,EMLX,EMLX,False,False,ocr_error,5
test,data/images/car_38.png,"[515, 802, 631, 840]",90XC832,True,"[513.3441772460938, 800.8785400390625, 630.0626831054688, 842.3927001953125]","[504, 797, 640, 846]",0.8957800499884284,90XC832,90XC832,True,True,correct,0
test,data/images/car_39.png,"[369, 686, 536, 724]",77ES425,True,"[368.19134521484375, 682.1251220703125, 538.0111083984375, 727.4180908203125]","[354, 678, 552, 732]",0.8250514828640092,477ES423,77ES423,True,False,ocr_error,1
test,data/images/car_40.png,"[439, 762, 620, 812]",99MT073,True,"[428.2213439941406, 757.2622680664062, 622.3087158203125, 816.653076171875]","[412, 752, 638, 822]",0.7851128136131152,99MT073,99MT073,True,True,correct,0
test,data/images/car_41.png,"[248, 228, 431, 267]",10ON010,True,"[239.2099151611328, 225.4541778564453, 436.15386962890625, 268.39593505859375]","[223, 222, 452, 272]",0.8439043602186956,10ON010,10ON010,True,True,correct,0
test,data/images/car_42.png,"[195, 684, 298, 714]",01AA001,True,"[192.32681274414062, 681.4955444335938, 298.7965087890625, 715.3743286132812]","[183, 678, 308, 719]",0.8566524256530956,F01AA001,01AA001,True,True,correct,0
test,data/images/car_43.png,"[190, 651, 360, 700]",99DU911,True,"[184.92889404296875, 648.056396484375, 360.79608154296875, 704.054931640625]","[170, 643, 375, 709]",0.8458308409179163,99DU911,99DU911,True,True,correct,0
test,data/images/car_43.png,"[481, 465, 531, 478]",10FY911,False,,,0,,,False,False,miss,7
development,data/images/car_44.png,"[163, 676, 304, 722]",99MH444,True,"[159.80648803710938, 673.4176025390625, 307.3857421875, 724.7540893554688]","[148, 669, 320, 729]",0.8561019544809584,99MHLLL,99MH444,True,True,correct,0
development,data/images/car_45.png,"[264, 672, 472, 716]",90HH377,True,"[257.92437744140625, 658.3019409179688, 478.611083984375, 724.5406494140625]","[240, 653, 497, 730]",0.6260773349705651,90HH377,90HH377,True,True,correct,0
development,data/images/car_45.png,,,False,"[452.9108581542969, 53.29136657714844, 554.02734375, 109.29136657714844]","[444, 48, 563, 114]",0,RESORT Y,RESORT,False,False,false_positive,
development,data/images/car_46.png,"[385, 654, 503, 683]",72BC038,True,"[379.7811584472656, 652.9492797851562, 505.15631103515625, 684.5011596679688]","[369, 650, 516, 688]",0.865054143528473,72BC038,72BC038,True,True,correct,0
development,data/images/car_46.png,,,False,"[299.4045715332031, 51.6100959777832, 736.0, 168.86611938476562]","[264, 42, 736, 179]",0,I7,I7,False,False,false_positive,
development,data/images/car_47.png,"[357, 699, 445, 725]",77CC777,True,"[356.1629638671875, 697.5689086914062, 445.32891845703125, 723.4121704101562]","[349, 695, 453, 726]",0.8789734590037577,77CC777,77CC777,True,True,correct,0
development,data/images/car_48.png,"[288, 389, 443, 421]",99CF818,True,"[280.1047668457031, 383.7726135253906, 447.7847900390625, 427.9045104980469]","[266, 380, 462, 432]",0.6702668729282488,99CF818,99CF818,True,True,correct,0
test,data/images/car_49.png,"[70, 765, 183, 812]",77SG387,True,"[67.7035140991211, 763.5516967773438, 183.87930297851562, 813.9110717773438]","[58, 759, 194, 818]",0.9077794345125115,877SG387,77SG387,True,True,correct,0
development,data/images/car_50.png,"[478, 632, 597, 678]",68BX034,True,"[470.7408447265625, 621.1392211914062, 599.245849609375, 682.0665283203125]","[460, 616, 610, 687]",0.699153871816483,68BX034,68BX034,True,True,correct,0
test,data/images/car_51.png,"[363, 537, 536, 583]",77SX585,True,"[361.13201904296875, 523.7684326171875, 536.3840942382812, 588.172119140625]","[347, 518, 551, 594]",0.7050664312927194,77SX585,77SX585,True,True,correct,0
test,data/images/car_52.png,"[305, 764, 465, 807]",77KG155,True,"[302.7383117675781, 764.6657104492188, 469.3774719238281, 812.8947143554688]","[289, 760, 483, 817]",0.8317808624952704,E77KG155,77KG155,True,True,correct,0
test,data/images/car_53.png,"[482, 722, 602, 773]",10UD527,True,"[477.4599304199219, 718.3771362304688, 601.279541015625, 774.0650634765625]","[467, 713, 612, 779]",0.8775614287647346,70UD5273,70UD527,True,False,ocr_error,1
development,data/images/car_54.png,"[103, 393, 228, 435]",10ZY124,True,"[103.5506591796875, 392.6749572753906, 229.3096160888672, 434.8714294433594]","[93, 389, 240, 439]",0.9747759092110223,10ZY124,10ZY124,True,True,correct,0
development,data/images/car_55.png,"[234, 340, 460, 390]",99AA999,True,"[250.65545654296875, 333.356201171875, 459.0503234863281, 395.36041259765625]","[233, 328, 476, 401]",0.7549654558443404,99AA999,99AA999,True,True,correct,0
test,data/images/car_56.png,"[424, 574, 517, 599]",77YH502,True,"[419.9478454589844, 570.7496948242188, 519.6112670898438, 600.5270385742188]","[411, 568, 528, 603]",0.7834318246719539,77YH502,77YH502,True,True,correct,0
development,data/images/car_57.png,"[175, 579, 344, 617]",77RZ144,True,"[175.5613250732422, 576.9273071289062, 346.89990234375, 620.1009521484375]","[161, 573, 361, 624]",0.8627819323925725,AZ 77RZILL,77RZ144,True,True,correct,0
development,data/images/car_58.png,"[464, 1109, 619, 1181]",10ZZ008,True,"[464.4443054199219, 1106.98828125, 620.198486328125, 1185.1705322265625]","[451, 1100, 633, 1192]",0.9114444660020956,1022008,10ZZ008,True,True,correct,0
