image,ground_truth_box,ground_truth_text,detected_box,crop_box,iou,raw_text,cleaned_text,format_valid,correct,status,character_errors
data/images/NYZ0897.jpg,"[527, 383, 692, 436]",NYZ0897,"[527.086181640625, 376.3641052246094, 690.129150390625, 440.3195495605469]","[514, 371, 704, 446]",0.8205399803596681,NYZ0897,NYZ0897,True,True,correct,0
data/images/NZM5430.jpg,"[446, 680, 812, 798]",NZM5430,"[448.50006103515625, 667.5997314453125, 811.9529418945312, 809.401123046875]","[419, 656, 842, 821]",0.8273250080019472,"NZM5430
J2D0",NZM5430,True,True,correct,0
data/images/OKK7448.jpg,"[535, 811, 789, 893]",OKK7448,"[536.1647338867188, 803.4779052734375, 789.2108764648438, 897.5248413085938]","[515, 795, 810, 906]",0.86769618112112,"LAURDCEQCIT4
OKK7448",OKK7448,True,True,correct,0
data/images/JRV1942.jpg,"[561, 621, 824, 706]",JRV1942,"[555.6815185546875, 609.8466796875, 828.4672241210938, 709.6151123046875]","[533, 601, 851, 718]",0.8214098680635591,"JRV1942
BAFSALYADOR",JRV1942,True,True,correct,0
data/images/PJH0957.jpg,"[483, 601, 715, 676]",PJH0957,"[482.67437744140625, 595.9905395507812, 717.1953125, 682.329833984375]","[463, 589, 736, 690]",0.8593283423466227,"P
J409577
E54L4906",J4O9577,False,False,ocr_error,4
data/images/PJK4867.jpg,"[741, 643, 1091, 756]",PJK4867,"[733.1406860351562, 631.3060302734375, 1098.3046875, 763.2146606445312]","[703, 620, 1128, 774]",0.8210797083748429,"PJK4867
DALAVRODEFREITAS",PJK4867,True,True,correct,0
data/images/PJJ4955.jpg,"[397, 678, 709, 779]",PJJ4955,"[399.8083190917969, 666.2144775390625, 704.4249267578125, 779.5123291015625]","[375, 657, 729, 789]",0.8726009441614266,"PJJ7955
DICLAURODEFREITA5",PJJ7955,True,False,ocr_error,1
data/images/OKS0078.jpg,"[521, 675, 723, 740]",OKS0078,"[508.3700866699219, 673.3549194335938, 720.3987426757812, 746.421142578125]","[491, 667, 738, 753]",0.8275806458091378,OKS0078,OKS0078,True,True,correct,0
data/images/NYI3834.jpg,"[518, 892, 846, 998]",NYI3834,"[523.7147827148438, 888.5098266601562, 851.9288330078125, 1008.2705688476562]","[497, 878, 879, 1018]",0.8559190497248824,NYL33834,NYL33834,False,False,ocr_error,2
data/images/PUT6858.jpg,"[247, 475, 436, 536]",PUT6858,"[245.19813537597656, 464.6268005371094, 436.5791320800781, 535.4613647460938]","[229, 458, 452, 542]",0.8366552690962604,PUT6858,PUT6858,True,True,correct,0
data/images/OZS6477.jpg,"[442, 781, 689, 861]",OZS6477,"[442.9414367675781, 770.9891967773438, 690.44970703125, 863.8715209960938]","[423, 763, 711, 872]",0.8534640078064007,"0Z56477
BASIMOE5FILHD",OZS6477,True,True,correct,0
data/images/JRK5336.jpg,"[369, 656, 567, 720]",JRK5336,"[374.8562927246094, 650.6324462890625, 566.1079711914062, 723.7557373046875]","[359, 644, 582, 730]",0.8490143065075234,"JRK5336
OC4DOR",JRK5336,True,True,correct,0
data/images/PJG0783.jpg,"[102, 520, 428, 625]",PJG0783,"[99.08204650878906, 503.8000793457031, 429.0911560058594, 626.7252807617188]","[72, 493, 456, 637]",0.8438010128776068,"PJG0783
O54LADOR",PJG0783,True,True,correct,0
data/images/OLE5095.jpg,"[485, 474, 741, 557]",OLE5095,"[482.2261047363281, 473.4150695800781, 738.3402709960938, 559.9879150390625]","[461, 466, 759, 567]",0.9389974777309356,"OLE5095
CAHACARE",OLE5095,True,True,correct,0
data/images/PJV9741.jpg,"[495, 587, 840, 699]",PJV9741,"[487.3128662109375, 576.305419921875, 845.353759765625, 708.5647583007812]","[458, 565, 874, 720]",0.8159774173938728,"UORU
PJV9741
BAFLAURODEFREITAS",PJV9741,True,True,correct,0
data/images/PJY5472.jpg,"[570, 799, 836, 885]",PJY5472,"[569.1665649414062, 793.0675659179688, 837.033447265625, 887.2846069335938]","[547, 785, 859, 895]",0.9064244343495046,"PJY5472
BASALVADOR",PJY5472,True,True,correct,0
data/images/PYB6477.jpg,"[843, 797, 1132, 890]",PYB6477,"[843.1592407226562, 787.65234375, 1133.21484375, 895.1324462890625]","[819, 779, 1157, 904]",0.8612432638367644,"PYB6477
IDELOHORIZONTE",PYB6477,True,True,correct,0
data/images/PJB7392.jpg,"[424, 654, 612, 715]",PJB7392,"[422.364990234375, 650.5082397460938, 613.5599975585938, 720.06201171875]","[407, 644, 629, 726]",0.8623636652713133,"PJB7392
AD0I",PJB7392,True,True,correct,0
data/images/OKV8004.jpg,"[461, 805, 743, 896]",OKV8004,"[466.0721740722656, 801.4378051757812, 746.6812133789062, 901.8023681640625]","[443, 793, 770, 910]",0.8803714716547144,"OKV80Q4
EASELILDOR",OKV8004,True,True,correct,0
data/images/MYX3152.jpg,"[366, 767, 697, 874]",MYX3152,"[362.32952880859375, 756.303955078125, 708.5219116210938, 882.8230590820312]","[334, 746, 737, 893]",0.8086082274094896,"MYX3152
BASINDESFILHO",MYX3152,True,True,correct,0
data/images/OLB4809.jpg,"[527, 421, 717, 482]",OLB4809,"[524.8140869140625, 418.6136169433594, 717.5242309570312, 484.40850830078125]","[509, 413, 733, 490]",0.9140852178561333,OLB4809,OLB4809,True,True,correct,0
data/images/PJI5921.jpg,"[553, 582, 798, 661]",PJI5921,"[553.1783447265625, 564.81787109375, 795.861572265625, 659.4884643554688]","[533, 557, 816, 668]",0.7993750865776786,"PJI
LS4L7400A
55924",PJI55924,False,False,ocr_error,2
data/images/PJC4903.jpg,"[540, 750, 829, 843]",PJC4903,"[541.9146728515625, 745.3743896484375, 828.7821655273438, 847.4017944335938]","[518, 737, 852, 856]",0.9053848889570115,"PJC4903
AVRDDEFRCIT",PJC4903,True,True,correct,0
data/images/OZK6717.jpg,"[453, 577, 718, 663]",OZK6717,"[448.74072265625, 568.8300170898438, 719.9285888671875, 673.4353637695312]","[427, 560, 742, 682]",0.8033784687928672,"OZK6717
BASALYADOR",OZK6717,True,True,correct,0
data/images/NYY1710.jpg,"[516, 437, 759, 515]",NYY1710,"[508.50897216796875, 430.6540222167969, 755.025634765625, 519.4143676757812]","[488, 423, 775, 527]",0.840164014465876,"NYY1710
BASALYADOR",NYY1710,True,True,correct,0
data/images/JPQ9870.jpg,"[571, 623, 891, 727]",JPQ9870,"[582.7400512695312, 603.2971801757812, 888.5094604492188, 724.8563232421875]","[558, 593, 913, 735]",0.7923910052660317,"JPO3870
B4JS4LVADOR",JPO3870,True,False,ocr_error,2
data/images/NZU2673.jpg,"[501, 816, 776, 905]",NZU2673,"[496.79937744140625, 812.51025390625, 785.3218994140625, 917.6428833007812]","[473, 804, 809, 927]",0.8068735040179095,"NZU2673
MOSAVIOR",NZU2673,True,True,correct,0
data/images/PJI7589.jpg,"[385, 688, 649, 773]",PJI7589,"[393.30731201171875, 678.9940795898438, 645.8283081054688, 781.6986694335938]","[373, 670, 667, 790]",0.7976091417392331,PJ7533,PJ7533,False,False,ocr_error,3
data/images/AYO9034.jpg,"[528, 412, 690, 464]",AYO9034,"[532.8629150390625, 407.4001159667969, 686.74267578125, 464.6119384765625]","[520, 402, 700, 470]",0.8673046565899423,AYO9034,AYO9034,True,True,correct,0
data/images/OUZ2198.jpg,"[480, 453, 711, 528]",OUZ2198,"[476.36016845703125, 444.9175720214844, 717.8928833007812, 532.88427734375]","[457, 437, 738, 540]",0.815415483997638,"UZ2198
BLFSALYADOR",UZ2198,False,False,ocr_error,1
