epoch,time,train/box_loss,train/cls_loss,train/dfl_loss,metrics/precision(B),metrics/recall(B),metrics/mAP50(B),metrics/mAP50-95(B),val/box_loss,val/cls_loss,val/dfl_loss,lr/pg0,lr/pg1,lr/pg2
1,22.0582,1.21417,3.02063,1.13034,0.00333,1,0.38823,0.23413,1.06383,3.29308,1.02862,0.0006,0.0006,0.0006
2,43.9084,1.22735,2.11833,1.03473,0.00333,1,0.13678,0.04074,1.28187,3.58516,1.12271,0.00121651,0.00121651,0.00121651
3,69.6116,1.31206,1.8973,1.05797,0.00333,1,0.0354,0.02396,1.30918,3.45797,1.18874,0.00178021,0.00178021,0.00178021
4,92.7668,1.43719,1.83709,1.17623,0.00333,1,0.41007,0.20952,1.26157,3.31582,1.21693,0.0017624,0.0017624,0.0017624
5,115.358,1.32072,1.92115,1.13246,0.94931,0.5,0.79716,0.46911,1.38658,2.76991,1.12029,0.0016832,0.0016832,0.0016832
6,137.784,1.35233,1.89307,1.14984,0.91568,0.8,0.94348,0.49378,1.59544,2.29513,1.20743,0.001604,0.001604,0.001604
7,162.467,1.10241,1.39487,0.9998,0.75423,0.8,0.90451,0.49222,1.5422,2.27029,1.22789,0.0015248,0.0015248,0.0015248
8,189.68,1.11518,1.41561,0.98735,0.65737,0.5777,0.7287,0.42628,1.46775,2.3709,1.1974,0.0014456,0.0014456,0.0014456
9,211.733,1.18387,1.38394,1.00976,1,0.79812,0.82845,0.50441,1.29531,1.98885,1.06492,0.0013664,0.0013664,0.0013664
10,235.771,1.03561,1.29434,0.94615,1,0.87936,0.90471,0.48588,1.60087,1.87349,1.17446,0.0012872,0.0012872,0.0012872
11,260.275,1.04041,1.2357,0.98538,0.95096,0.7,0.83671,0.4977,1.51408,1.83411,1.08209,0.001208,0.001208,0.001208
12,283.617,0.97443,1.20082,0.95509,0.96048,0.9,0.90624,0.59443,1.27132,1.61938,1.057,0.0011288,0.0011288,0.0011288
13,305.849,1.04284,1.14547,0.98786,0.98369,0.9,0.98591,0.5704,1.41156,1.7404,1.28358,0.0010496,0.0010496,0.0010496
14,326.175,0.94685,1.14577,0.94775,0.98186,0.9,0.97833,0.53394,1.50029,1.74686,1.32235,0.0009704,0.0009704,0.0009704
15,348.493,0.93713,1.05325,0.93096,1,0.89996,0.96643,0.56399,1.45931,1.61688,1.29926,0.0008912,0.0008912,0.0008912
16,369.965,0.97229,1.08827,0.92388,1,0.89909,0.9575,0.66596,1.33402,1.52068,1.1979,0.000812,0.000812,0.000812
17,390.32,0.92584,1.0704,0.95442,0.98787,0.9,0.92441,0.65227,1.21688,1.43815,1.11828,0.0007328,0.0007328,0.0007328
18,414.127,0.9631,1.03094,0.9414,0.99176,0.9,0.9069,0.66996,1.19891,1.40863,1.09357,0.0006536,0.0006536,0.0006536
19,437.153,0.9331,1.05782,0.95315,0.99204,0.9,0.90735,0.6679,1.20382,1.29859,1.07425,0.0005744,0.0005744,0.0005744
20,456.194,0.92435,0.97693,0.94242,0.99257,0.9,0.93204,0.63219,1.24356,1.21889,1.06971,0.0004952,0.0004952,0.0004952
21,476.404,0.78977,0.95645,0.8852,0.99256,0.9,0.97192,0.61971,1.31094,1.20556,1.10555,0.000416,0.000416,0.000416
22,498.072,0.92976,0.93195,0.94258,0.99266,0.9,0.96643,0.6209,1.2859,1.21345,1.09294,0.0003368,0.0003368,0.0003368
23,519.175,0.83394,0.91287,0.88164,0.99215,0.9,0.96643,0.62644,1.26904,1.22534,1.08774,0.0002576,0.0002576,0.0002576
24,538.363,0.86672,0.88235,0.89542,0.99186,0.9,0.9575,0.64376,1.19591,1.18614,1.05536,0.0001784,0.0001784,0.0001784
25,560.065,0.85027,0.88935,0.90813,0.99268,0.9,0.95382,0.68219,1.12969,1.15557,1.03381,9.92e-05,9.92e-05,9.92e-05
